{"homebrew_version":"1.2.4-76-g27cd396","used_options":[],"unused_options":[],"built_as_bottle":true,"poured_from_bottle":true,"installed_as_dependency":false,"installed_on_request":true,"changed_files":["sbin/mesos-daemon.sh","sbin/mesos-start-agents.sh","sbin/mesos-start-cluster.sh","sbin/mesos-start-masters.sh","sbin/mesos-start-slaves.sh","sbin/mesos-stop-agents.sh","sbin/mesos-stop-cluster.sh","sbin/mesos-stop-masters.sh","sbin/mesos-stop-slaves.sh",".brew/mesos.rb","INSTALL_RECEIPT.json","include/stout/posix/os.hpp","lib/pkgconfig/mesos.pc","lib/python2.7/site-packages/homebrew-mesos-protobuf.pth"],"time":1501754707,"source_modified_time":1495703718,"HEAD":null,"stdlib":"libcxx","compiler":"clang","aliases":[],"runtime_dependencies":[{"full_name":"apr","version":"1.6.2"},{"full_name":"openssl","version":"1.0.2l"},{"full_name":"apr-util","version":"1.6.0"},{"full_name":"sqlite","version":"3.19.3"},{"full_name":"subversion","version":"1.9.6"}],"source":{"path":"/usr/local/Homebrew/Library/Taps/homebrew/homebrew-core/Formula/mesos.rb","tap":"homebrew/core","spec":"stable","versions":{"stable":"1.3.0","devel":null,"head":null,"version_scheme":0}}}